Llegada_Acumulada;Tiempo_Servicio;Tiempo_Entrada;Tiempo_Salida;Elementos_Sistema;Tiempo_Sistema
7.718292;1.730617;7.718292;9.448909;1;1.730617
8.513020;0.433407;9.448909;9.882316;2;1.369296
8.765257;0.598317;9.882316;10.480633;3;1.715376
9.360941;0.179761;10.480633;10.660395;4;1.299454
9.521198;0.197176;10.660395;10.857571;4;1.336372
9.885186;0.046194;10.857571;10.903764;4;1.018578
9.902864;0.141382;10.903764;11.045146;5;1.142283
10.049568;0.744808;11.045146;11.789954;6;1.740386
10.115869;0.991953;11.789954;12.781907;7;2.666038
10.460093;0.302500;12.781907;13.084407;8;2.624313
10.493196;0.157986;13.084407;13.242393;8;2.749197
10.513971;0.165688;13.242393;13.408081;9;2.894110
10.566518;0.417270;13.408081;13.825351;10;3.258833
10.596689;0.140261;13.825351;13.965612;11;3.368922
11.238410;0.051058;13.965612;14.016670;8;2.778260
11.242216;0.533524;14.016670;14.550193;9;3.307977
11.270255;0.060682;14.550193;14.610876;10;3.340621
11.843621;0.343285;14.610876;14.954160;10;3.110540
12.823613;0.242966;14.954160;15.197126;10;2.373513
12.920442;0.096076;15.197126;15.293202;11;2.372760
12.991462;1.269617;15.293202;16.562819;12;3.571357
13.109200;0.516952;16.562819;17.079772;12;3.970571
13.229699;0.065040;17.079772;17.144812;13;3.915112
13.649482;0.174931;17.144812;17.319743;12;3.670261
13.818063;0.288052;17.319743;17.607794;13;3.789731
13.906625;0.250430;17.607794;17.858225;13;3.951600
13.939633;0.247892;17.858225;18.106117;14;4.166484
14.100602;0.212255;18.106117;18.318371;13;4.217769
14.253382;0.100875;18.318371;18.419246;14;4.165864
14.694698;0.046348;18.419246;18.465594;13;3.770897
14.731850;0.065594;18.465594;18.531188;14;3.799338
15.468207;0.008459;18.531188;18.539647;12;3.071440
15.742149;0.624965;18.539647;19.164612;13;3.422464
16.069191;0.650038;19.164612;19.814650;14;3.745459
16.166998;0.052631;19.814650;19.867281;15;3.700284
16.358852;0.140887;19.867281;20.008169;16;3.649317
16.526110;0.133391;20.008169;20.141560;17;3.615450
16.601806;0.034331;20.141560;20.175891;17;3.574084
16.738866;0.008984;20.175891;20.184874;18;3.446009
17.013372;0.233596;20.184874;20.418470;19;3.405098
17.446375;0.547607;20.418470;20.966077;17;3.519701
17.486218;0.052319;20.966077;21.018396;18;3.532178
17.497758;0.025153;21.018396;21.043549;19;3.545790
17.991231;0.094151;21.043549;21.137700;18;3.146469
18.507148;1.374790;21.137700;22.512490;15;4.005342
20.405985;0.411329;22.512490;22.923819;7;2.517834
20.539261;0.245235;22.923819;23.169053;7;2.629792
21.444231;0.191556;23.169053;23.360609;4;1.916378
21.504640;0.203979;23.360609;23.564588;5;2.059948
21.815922;0.039646;23.564588;23.604233;6;1.788311
21.976549;0.079220;23.604233;23.683454;7;1.706905
22.307318;0.061001;23.683454;23.744455;8;1.437137
22.497116;0.406141;23.744455;24.150596;9;1.653480
22.698316;0.079213;24.150596;24.229809;9;1.531492
22.706940;0.069651;24.229809;24.299459;10;1.592519
22.897802;0.035113;24.299459;24.334572;11;1.436770
23.400208;0.041793;24.334572;24.376365;9;0.976158
24.403339;0.015242;24.403339;24.418581;1;0.015242
24.503428;0.055795;24.503428;24.559223;1;0.055795
24.989277;0.123385;24.989277;25.112662;1;0.123385
25.013327;0.063912;25.112662;25.176574;2;0.163247
25.264563;0.014331;25.264563;25.278894;1;0.014331
25.295155;0.202324;25.295155;25.497479;1;0.202324
25.748613;0.214024;25.748613;25.962637;1;0.214024
25.932181;0.867409;25.962637;26.830046;2;0.897865
26.056400;0.058216;26.830046;26.888262;2;0.831863
26.481655;0.161032;26.888262;27.049294;3;0.567639
26.508340;0.293774;27.049294;27.343067;4;0.834727
26.523112;0.236672;27.343067;27.579739;5;1.056627
26.541117;0.023198;27.579739;27.602937;6;1.061820
26.812503;0.157397;27.602937;27.760333;7;0.947831
26.900931;0.007354;27.760333;27.767688;6;0.866757
26.966894;0.071274;27.767688;27.838962;7;0.872068
27.566492;0.039466;27.838962;27.878428;6;0.311936
28.002743;0.980893;28.002743;28.983635;1;0.980893
28.220182;0.304037;28.983635;29.287672;2;1.067490
28.463243;0.217640;29.287672;29.505312;3;1.042069
28.957558;0.241340;29.505312;29.746652;4;0.789094
29.258735;0.965664;29.746652;30.712316;4;1.453581
29.616764;0.823471;30.712316;31.535787;3;1.919023
29.994096;0.160882;31.535787;31.696670;3;1.702574
30.170135;0.031243;31.696670;31.727913;4;1.557778
30.234236;0.707544;31.727913;32.435457;5;2.201221
30.764716;0.150461;32.435457;32.585917;5;1.821202
31.033013;0.195871;32.585917;32.781788;6;1.748775
31.165719;0.133972;32.781788;32.915760;7;1.750041
31.830794;0.049939;32.915760;32.965699;5;1.134904
32.057899;0.133830;32.965699;33.099528;6;1.041629
32.471559;0.028495;33.099528;33.128023;6;0.656464
32.905406;0.392911;33.128023;33.520934;5;0.615527
33.444491;0.459847;33.520934;33.980781;2;0.536289
33.446337;0.095839;33.980781;34.076620;3;0.630282
33.498464;0.110708;34.076620;34.187328;4;0.688864
33.776128;0.076104;34.187328;34.263432;4;0.487304
33.824681;0.081689;34.263432;34.345120;5;0.520439
33.929325;0.256265;34.345120;34.601386;6;0.672060
34.052750;0.219867;34.601386;34.821253;6;0.768503
34.103906;0.064057;34.821253;34.885310;6;0.781404
34.427279;0.776710;34.885310;35.662020;4;1.234741
34.554552;0.166339;35.662020;35.828359;5;1.273807
34.669976;0.427462;35.828359;36.255821;5;1.585845
34.989560;0.198248;36.255821;36.454069;4;1.464509
35.099968;0.074321;36.454069;36.528390;5;1.428422
35.320648;0.120296;36.528390;36.648686;6;1.328037
35.440848;0.039328;36.648686;36.688014;7;1.247166
35.867532;0.294472;36.688014;36.982486;6;1.114954
36.807055;1.172628;36.982486;38.155114;2;1.348059
36.819496;0.002322;38.155114;38.157436;3;1.337940
37.215756;0.126007;38.157436;38.283443;3;1.067687
37.232384;0.145148;38.283443;38.428591;4;1.196207
37.383271;0.205741;38.428591;38.634332;5;1.251061
37.583036;0.295385;38.634332;38.929718;6;1.346681
37.984380;0.383351;38.929718;39.313069;7;1.328689
38.733836;0.390685;39.313069;39.703754;3;0.969918
38.872372;0.022257;39.703754;39.726011;4;0.853639
39.091874;0.106101;39.726011;39.832112;4;0.740238
39.350291;0.133309;39.832112;39.965421;4;0.615131
39.584449;0.846453;39.965421;40.811874;5;1.227426
39.897813;0.597570;40.811874;41.409444;3;1.511632
40.100579;0.019237;41.409444;41.428682;3;1.328103
40.121076;0.125249;41.428682;41.553930;4;1.432855
40.158448;1.054685;41.553930;42.608615;5;2.450167
40.252413;0.042232;42.608615;42.650848;6;2.398435
40.763147;0.704790;42.650848;43.355638;7;2.592491
41.847466;0.234660;43.355638;43.590298;4;1.742832
41.883527;1.048972;43.590298;44.639270;5;2.755743
41.903210;0.030057;44.639270;44.669327;6;2.766117
42.006306;0.105814;44.669327;44.775141;7;2.768834
42.649446;0.593850;44.775141;45.368991;7;2.719545
44.081558;0.160295;45.368991;45.529286;5;1.447729
44.140565;0.106155;45.529286;45.635441;6;1.494876
44.291899;0.056290;45.635441;45.691731;7;1.399833
44.371691;0.343281;45.691731;46.035012;8;1.663321
44.713073;0.494484;46.035012;46.529496;7;1.816423
44.895034;0.190043;46.529496;46.719539;7;1.824505
45.468500;0.171189;46.719539;46.890727;7;1.422227
45.506672;1.150102;46.890727;48.040829;8;2.534157
45.555807;0.009084;48.040829;48.049913;8;2.494106
46.540663;0.018245;48.049913;48.068158;5;1.527495
47.231499;0.817791;48.068158;48.885949;4;1.654450
47.646344;0.321236;48.885949;49.207185;5;1.560841
47.847468;0.107934;49.207185;49.315119;6;1.467651
48.319882;0.179793;49.315119;49.494912;4;1.175030
48.427710;0.156709;49.494912;49.651621;5;1.223911
48.685353;0.232777;49.651621;49.884398;6;1.199045
48.766788;0.080499;49.884398;49.964897;7;1.198109
49.062715;0.559713;49.964897;50.524610;7;1.461895
49.086079;0.074968;50.524610;50.599578;8;1.513499
49.443842;0.107179;50.599578;50.706757;7;1.262916
49.693480;0.910676;50.706757;51.617433;6;1.923953
49.734329;0.793619;51.617433;52.411052;7;2.676723
50.454390;0.213306;52.411052;52.624358;6;2.169969
50.638021;0.172441;52.624358;52.796799;5;2.158778
50.642937;0.124599;52.796799;52.921398;6;2.278461
50.665786;0.071782;52.921398;52.993180;7;2.327393
50.750070;0.007323;52.993180;53.000503;7;2.250433
51.633366;0.332678;53.000503;53.333181;7;1.699815
52.633436;0.629328;53.333181;53.962509;6;1.329073
53.100107;0.542119;53.962509;54.504628;3;1.404521
53.169858;0.015935;54.504628;54.520563;4;1.350706
53.682224;0.130804;54.520563;54.651367;4;0.969143
54.207086;0.128049;54.651367;54.779416;4;0.572331
54.887093;0.340619;54.887093;55.227712;1;0.340619
55.108503;0.013248;55.227712;55.240960;2;0.132458
55.368474;1.018689;55.368474;56.387162;1;1.018689
55.375207;0.067835;56.387162;56.454997;2;1.079790
55.412340;0.225887;56.454997;56.680884;3;1.268544
55.447769;0.825826;56.680884;57.506710;4;2.058941
55.839748;0.214899;57.506710;57.721609;5;1.881861
55.843571;0.143019;57.721609;57.864628;6;2.021057
55.981369;0.189703;57.864628;58.054331;7;2.072961
56.173251;0.068241;58.054331;58.122571;8;1.949321
56.472513;0.218514;58.122571;58.341085;7;1.868572
57.051877;0.497225;58.341085;58.838310;7;1.786433
57.141712;0.428078;58.838310;59.266388;8;2.124676
57.169982;0.078377;59.266388;59.344765;9;2.174782
57.469077;0.489362;59.344765;59.834127;10;2.365050
57.517443;0.203997;59.834127;60.038123;10;2.520681
57.649303;0.005658;60.038123;60.043781;11;2.394478
57.821249;0.026991;60.043781;60.070773;11;2.249523
57.901711;0.335539;60.070773;60.406311;11;2.504600
58.098557;0.334893;60.406311;60.741204;11;2.642648
58.108635;1.019659;60.741204;61.760863;12;3.652228
58.123987;0.025796;61.760863;61.786659;12;3.662672
58.705014;0.162943;61.786659;61.949602;12;3.244588
59.322169;0.057227;61.949602;62.006828;11;2.684660
59.357298;0.586421;62.006828;62.593249;11;3.235952
59.389179;1.278743;62.593249;63.871992;12;4.482813
59.789036;0.187356;63.871992;64.059348;13;4.270312
59.898961;0.017078;64.059348;64.076426;13;4.177465
60.478573;0.140136;64.076426;64.216562;10;3.737989
60.648097;0.104092;64.216562;64.320655;11;3.672558
60.676413;0.076715;64.320655;64.397369;12;3.720957
60.769450;0.052884;64.397369;64.450254;12;3.680803
61.125804;0.067456;64.450254;64.517709;13;3.391905
61.191559;0.152956;64.517709;64.670666;14;3.479107
61.374504;0.220243;64.670666;64.890908;15;3.516404
62.026892;0.160282;64.890908;65.051190;12;3.024299
62.196396;0.071388;65.051190;65.122579;13;2.926183
62.704359;1.167397;65.122579;66.289976;13;3.585617
62.771664;0.572682;66.289976;66.862657;14;4.090993
62.780496;0.604095;66.862657;67.466752;15;4.686256
63.319210;0.027377;67.466752;67.494129;16;4.174920
63.392720;0.380208;67.494129;67.874337;17;4.481617
63.526559;0.355954;67.874337;68.230291;18;4.703732
63.557254;0.231526;68.230291;68.461818;19;4.904564
64.275620;0.018892;68.461818;68.480710;16;4.205090
64.473906;0.034591;68.480710;68.515301;14;4.041395
64.841074;0.178868;68.515301;68.694169;13;3.853095
64.981054;0.039781;68.694169;68.733950;13;3.752896
65.361452;0.020707;68.733950;68.754657;12;3.393205
66.174909;0.223883;68.754657;68.978540;13;2.803631
66.905440;0.563063;68.978540;69.541602;12;2.636162
67.064263;0.139237;69.541602;69.680840;13;2.616577
67.606072;0.789166;69.680840;70.470005;12;2.863934
67.778908;0.080482;70.470005;70.550488;13;2.771580
67.955096;0.265267;70.550488;70.815755;13;2.860659
68.792666;0.250936;70.815755;71.066691;7;2.274025
68.814709;0.170834;71.066691;71.237525;8;2.422816
68.851902;0.019886;71.237525;71.257411;9;2.405509
69.896109;0.309502;71.257411;71.566913;7;1.670804
70.253558;0.083357;71.566913;71.650270;8;1.396712
70.825301;0.062957;71.650270;71.713227;6;0.887926
71.177270;0.210028;71.713227;71.923255;6;0.745985
71.308502;0.166132;71.923255;72.089387;5;0.780886
71.374286;0.081575;72.089387;72.170963;6;0.796676
71.428956;0.075101;72.170963;72.246064;7;0.817108
71.599172;0.050127;72.246064;72.296191;7;0.697019
72.305610;0.137968;72.305610;72.443578;1;0.137968
72.342808;0.148926;72.443578;72.592504;2;0.249696
72.389796;0.521753;72.592504;73.114257;3;0.724461
72.475357;1.613851;73.114257;74.728107;3;2.252750
73.337453;0.308313;74.728107;75.036420;2;1.698967
73.437037;0.300796;75.036420;75.337216;3;1.900179
73.645808;0.324300;75.337216;75.661516;4;2.015708
74.167091;0.501867;75.661516;76.163383;5;1.996292
74.730676;0.219248;76.163383;76.382631;5;1.651954
74.780111;0.336651;76.382631;76.719282;6;1.939171
75.257191;1.069359;76.719282;77.788641;6;2.531450
75.634281;0.260382;77.788641;78.049022;6;2.414741
75.702256;0.216160;78.049022;78.265183;6;2.562927
75.796224;0.160285;78.265183;78.425468;7;2.629244
76.073481;0.485104;78.425468;78.910571;8;2.837090
76.318450;0.073705;78.910571;78.984277;8;2.665827
76.397167;0.078009;78.984277;79.062286;8;2.665119
76.834687;0.146433;79.062286;79.208720;8;2.374033
76.929083;0.034685;79.208720;79.243404;9;2.314321
77.074757;0.266242;79.243404;79.509646;10;2.434890
77.230825;0.009617;79.509646;79.519263;11;2.288438
77.250810;0.071017;79.519263;79.590280;12;2.339470
77.344679;0.272538;79.590280;79.862817;13;2.518138
77.599584;0.086360;79.862817;79.949178;14;2.349594
77.702497;0.230671;79.949178;80.179848;15;2.477351
78.774335;0.224152;80.179848;80.404001;12;1.629666
78.875385;0.379163;80.404001;80.783163;13;1.907779
79.480679;0.120490;80.783163;80.903654;9;1.422975
80.469129;0.381686;80.903654;81.285340;3;0.816210
80.864032;0.245551;81.285340;81.530891;3;0.666858
81.093216;0.306088;81.530891;81.836978;3;0.743763
81.254649;0.058251;81.836978;81.895229;4;0.640580
81.485541;0.079687;81.895229;81.974916;4;0.489375
81.575682;0.114722;81.974916;82.089638;4;0.513956
82.099489;0.077529;82.099489;82.177018;1;0.077529
82.544388;0.892923;82.544388;83.437311;1;0.892923
82.926941;0.441817;83.437311;83.879128;2;0.952187
83.369808;0.159359;83.879128;84.038487;3;0.668679
83.660281;0.026019;84.038487;84.064506;3;0.404225
83.863423;0.634094;84.064506;84.698601;4;0.835178
84.360381;0.156236;84.698601;84.854837;2;0.494456
84.470848;0.042968;84.854837;84.897805;3;0.426957
84.478527;0.269399;84.897805;85.167204;4;0.688677
84.728641;0.084615;85.167204;85.251819;4;0.523178
85.500346;0.520315;85.500346;86.020660;1;0.520315
85.838766;0.008859;86.020660;86.029520;2;0.190753
85.883102;0.093546;86.029520;86.123065;3;0.239963
85.976338;0.053059;86.123065;86.176125;4;0.199786
86.137614;0.134816;86.176125;86.310941;2;0.173327
86.232593;0.193994;86.310941;86.504935;2;0.272342
86.301283;0.321582;86.504935;86.826517;3;0.525235
86.588553;0.679651;86.826517;87.506168;2;0.917615
87.065504;0.187365;87.506168;87.693533;2;0.628029
87.422717;0.014202;87.693533;87.707735;3;0.285018
87.699444;0.335861;87.707735;88.043596;2;0.344153
88.140457;0.033704;88.140457;88.174161;1;0.033704
88.177057;0.184288;88.177057;88.361345;1;0.184288
88.559301;0.064443;88.559301;88.623743;1;0.064443
89.128276;0.392865;89.128276;89.521142;1;0.392865
89.494619;0.448681;89.521142;89.969823;2;0.475204
89.826606;0.054385;89.969823;90.024208;2;0.197602
90.381856;0.338452;90.381856;90.720309;1;0.338452
90.413939;0.384047;90.720309;91.104355;2;0.690416
90.515902;0.117166;91.104355;91.221522;3;0.705620
90.574035;0.265364;91.221522;91.486886;4;0.912851
90.689375;0.346060;91.486886;91.832946;5;1.143571
91.520602;0.053609;91.832946;91.886555;2;0.365953
91.746516;0.206154;91.886555;92.092709;3;0.346192
91.816331;0.060728;92.092709;92.153437;4;0.337105
91.999649;0.083554;92.153437;92.236990;3;0.237341
92.236530;0.892389;92.236990;93.129380;2;0.892850
92.454902;0.026117;93.129380;93.155496;2;0.700595
92.577513;0.045331;93.155496;93.200827;3;0.623315
92.646839;0.124977;93.200827;93.325804;4;0.678965
92.684127;0.225530;93.325804;93.551334;5;0.867207
93.043387;0.134119;93.551334;93.685454;6;0.642067
93.606258;0.178104;93.685454;93.863557;2;0.257300
93.648360;0.087699;93.863557;93.951257;3;0.302897
94.212640;0.091684;94.212640;94.304324;1;0.091684
95.064725;0.212805;95.064725;95.277530;1;0.212805
95.142618;0.322626;95.277530;95.600156;2;0.457538
95.415472;0.289576;95.600156;95.889731;2;0.474260
95.795839;0.124580;95.889731;96.014311;2;0.218472
95.932244;0.662727;96.014311;96.677039;2;0.744795
96.116080;0.456774;96.677039;97.133813;2;1.017733
96.423046;0.104902;97.133813;97.238715;3;0.815669
96.423883;0.593880;97.238715;97.832595;4;1.408713
97.164815;0.949092;97.832595;98.781687;3;1.616872
97.182010;0.689987;98.781687;99.471674;4;2.289665
97.266822;0.146699;99.471674;99.618373;4;2.351551
97.488415;0.002957;99.618373;99.621330;5;2.132915
97.682352;0.089253;99.621330;99.710583;6;2.028231
97.776157;0.156360;99.710583;99.866943;7;2.090786
97.914059;0.152973;99.866943;100.019916;7;2.105857
98.041366;0.247381;100.019916;100.267297;8;2.225931
98.068321;0.351054;100.267297;100.618351;9;2.550030
98.289766;0.140443;100.618351;100.758794;10;2.469028
98.599180;0.045946;100.758794;100.804740;11;2.205560
98.928494;0.334910;100.804740;101.139651;11;2.211156
99.105144;0.679713;101.139651;101.819363;12;2.714219
99.658013;0.364178;101.819363;102.183541;10;2.525528
99.778519;0.087895;102.183541;102.271436;10;2.492916
100.116381;0.054790;102.271436;102.326226;9;2.209845
100.629948;0.226020;102.326226;102.552246;8;1.922298
100.683109;0.456175;102.552246;103.008421;9;2.325312
100.886638;0.092420;103.008421;103.100842;8;2.214203
101.770919;0.152699;103.100842;103.253541;8;1.482622
101.940209;0.022652;103.253541;103.276192;8;1.335984
102.146131;0.036554;103.276192;103.312746;9;1.166615
102.191704;0.101617;103.312746;103.414363;9;1.222659
102.225896;0.022326;103.414363;103.436689;10;1.210793
102.698238;0.595771;103.436689;104.032460;8;1.334222
102.796568;0.507908;104.032460;104.540367;9;1.743799
102.824039;0.288394;104.540367;104.828762;10;2.004723
103.486797;0.135569;104.828762;104.964331;4;1.477535
103.872463;0.091579;104.964331;105.055910;5;1.183447
104.167691;0.054229;105.055910;105.110139;5;0.942448
104.200009;0.073979;105.110139;105.184118;6;0.984109
104.337368;0.035600;105.184118;105.219718;7;0.882350
104.379334;0.109025;105.219718;105.328743;8;0.949409
104.960729;0.117982;105.328743;105.446725;7;0.485996
105.015269;0.018072;105.446725;105.464797;7;0.449528
105.217753;0.569198;105.464797;106.033995;5;0.816242
105.232522;0.040384;106.033995;106.074380;5;0.841857
105.731567;0.043066;106.074380;106.117446;3;0.385879
105.826814;0.148161;106.117446;106.265607;4;0.438793
105.831440;0.263334;106.265607;106.528941;5;0.697501
105.902244;0.390284;106.528941;106.919225;6;1.016981
106.117743;0.039365;106.919225;106.958590;4;0.840848
107.078730;0.341712;107.078730;107.420442;1;0.341712
107.236333;0.116501;107.420442;107.536943;2;0.300609
107.300424;0.116412;107.536943;107.653354;3;0.352930
107.359269;0.546122;107.653354;108.199476;4;0.840207
107.389192;0.064226;108.199476;108.263702;5;0.874510
107.427700;0.183630;108.263702;108.447332;5;1.019632
107.491729;0.313287;108.447332;108.760619;6;1.268890
107.799715;0.404949;108.760619;109.165568;5;1.365852
108.103218;0.185300;109.165568;109.350868;6;1.247650
108.392826;0.226085;109.350868;109.576953;5;1.184127
108.524532;0.219481;109.576953;109.796434;5;1.271902
108.560123;0.764746;109.796434;110.561180;6;2.001057
109.342091;0.067774;110.561180;110.628954;5;1.286863
109.550196;0.178181;110.628954;110.807135;5;1.256938
109.707362;0.010636;110.807135;110.817771;5;1.110409
109.903404;0.009249;110.817771;110.827020;5;0.923615
110.141933;0.192434;110.827020;111.019453;6;0.877521
110.969819;0.275222;111.019453;111.294675;2;0.324856
111.005136;0.013961;111.294675;111.308637;3;0.303501
111.093318;0.356105;111.308637;111.664742;3;0.571423
111.497563;0.037151;111.664742;111.701892;2;0.204330
111.588298;0.443923;111.701892;112.145815;3;0.557517
111.627534;0.419598;112.145815;112.565413;4;0.937879
112.325092;0.021329;112.565413;112.586742;2;0.261649
112.617602;0.413923;112.617602;113.031525;1;0.413923
112.927492;0.000360;113.031525;113.031886;2;0.104393
113.275673;0.040928;113.275673;113.316601;1;0.040928
113.488169;0.195358;113.488169;113.683527;1;0.195358
113.573618;0.173126;113.683527;113.856653;2;0.283034
113.874102;0.269181;113.874102;114.143283;1;0.269181
115.051669;0.047191;115.051669;115.098860;1;0.047191
115.302555;0.032840;115.302555;115.335395;1;0.032840
115.626485;0.124163;115.626485;115.750649;1;0.124163
115.693661;0.380589;115.750649;116.131237;2;0.437576
116.103105;0.246128;116.131237;116.377366;2;0.274261
116.208926;0.399997;116.377366;116.777362;2;0.568436
116.420519;0.206673;116.777362;116.984035;2;0.563516
117.131500;0.034799;117.131500;117.166299;1;0.034799
117.233078;0.295915;117.233078;117.528994;1;0.295915
117.784678;0.018682;117.784678;117.803360;1;0.018682
117.800268;0.222890;117.803360;118.026250;2;0.225983
118.186422;0.089486;118.186422;118.275908;1;0.089486
118.500990;0.306912;118.500990;118.807902;1;0.306912
118.615237;0.150438;118.807902;118.958341;2;0.343104
118.748304;0.072821;118.958341;119.031161;3;0.282857
119.416904;0.011044;119.416904;119.427948;1;0.011044
119.496533;0.625298;119.496533;120.121831;1;0.625298
119.504398;0.559199;120.121831;120.681031;2;1.176633
120.104609;0.205231;120.681031;120.886262;3;0.781653
120.346392;0.085251;120.886262;120.971513;3;0.625121
120.362500;0.308795;120.971513;121.280307;4;0.917807
120.377440;0.436187;121.280307;121.716494;5;1.339054
121.266699;0.236696;121.716494;121.953190;3;0.686490
121.280761;0.084117;121.953190;122.037307;3;0.756545
121.474145;0.272255;122.037307;122.309562;4;0.835417
121.521948;0.133659;122.309562;122.443221;5;0.921273
121.551077;0.087875;122.443221;122.531096;6;0.980019
121.572011;0.029083;122.531096;122.560179;7;0.988169
121.686959;0.256911;122.560179;122.817091;8;1.130132
122.360278;0.058238;122.817091;122.875328;5;0.515050
122.477437;0.195783;122.875328;123.071111;5;0.593674
122.549453;0.306974;123.071111;123.378086;5;0.828632
122.667823;0.159826;123.378086;123.537911;5;0.870088
122.724244;0.089919;123.537911;123.627830;6;0.903586
123.083228;0.398524;123.627830;124.026354;4;0.943126
123.220272;0.146493;124.026354;124.172848;5;0.952575
123.246401;0.003569;124.172848;124.176417;6;0.930015
123.452766;0.227996;124.176417;124.404413;6;0.951647
124.590212;0.184538;124.590212;124.774751;1;0.184538
124.741563;0.752612;124.774751;125.527363;2;0.785800
124.927592;0.078792;125.527363;125.606154;2;0.678562
125.289342;0.257202;125.606154;125.863357;3;0.574015
125.299049;0.648761;125.863357;126.512118;4;1.213070
125.771310;0.437348;126.512118;126.949466;3;1.178156
125.867940;0.411274;126.949466;127.360740;3;1.492800
125.940181;0.621990;127.360740;127.982730;4;2.042549
125.947406;0.286297;127.982730;128.269027;5;2.321621
126.033910;0.165407;128.269027;128.434435;6;2.400524
126.060930;0.021778;128.434435;128.456213;7;2.395283
126.541433;0.089827;128.456213;128.546040;7;2.004607
126.588323;0.072663;128.546040;128.618703;8;2.030380
126.590116;0.046545;128.618703;128.665248;9;2.075132
126.652606;0.101116;128.665248;128.766364;10;2.113758
126.754551;0.347929;128.766364;129.114293;11;2.359742
127.248021;0.135057;129.114293;129.249350;11;2.001329
127.490220;0.434685;129.249350;129.684035;11;2.193815
127.490379;0.128206;129.684035;129.812241;12;2.321862
127.560136;0.002035;129.812241;129.814276;13;2.254140
127.680893;0.576396;129.814276;130.390671;14;2.709778
128.283983;0.035300;130.390671;130.425971;13;2.141988
128.430300;0.144071;130.425971;130.570042;14;2.139742
128.802575;0.146582;130.570042;130.716624;9;1.914049
128.853404;0.134274;130.716624;130.850898;10;1.997494
128.930146;0.306728;130.850898;131.157626;11;2.227480
128.951432;0.186814;131.157626;131.344440;12;2.393008
129.413165;0.449255;131.344440;131.793695;11;2.380530
129.490356;0.047297;131.793695;131.840992;12;2.350636
129.496771;0.769526;131.840992;132.610517;13;3.113746
130.135856;0.079272;132.610517;132.689789;11;2.553934
130.290482;0.020085;132.689789;132.709874;12;2.419392
130.949185;0.359382;132.709874;133.069255;8;2.120071
130.968036;0.293252;133.069255;133.362508;9;2.394472
131.047080;0.000069;133.362508;133.362576;10;2.315496
131.388529;0.181331;133.362576;133.543907;9;2.155378
131.904376;0.167564;133.543907;133.711471;8;1.807095
131.904779;0.039799;133.711471;133.751270;9;1.846491
132.196720;0.216022;133.751270;133.967292;10;1.770572
132.326012;0.278823;133.967292;134.246115;11;1.920103
132.521439;0.188817;134.246115;134.434932;12;1.913493
132.556679;0.148536;134.434932;134.583468;13;2.026789
132.670060;0.724122;134.583468;135.307590;13;2.637530
132.859162;0.388570;135.307590;135.696160;12;2.836998
133.053975;0.601251;135.696160;136.297412;13;3.243437
133.134143;0.036512;136.297412;136.333924;13;3.199781
133.567004;0.067203;136.333924;136.401127;11;2.834123
133.877467;0.260895;136.401127;136.662021;10;2.784554
133.887016;1.304880;136.662021;137.966901;11;4.079885
134.233123;0.331839;137.966901;138.298740;11;4.065617
134.265964;0.600197;138.298740;138.898937;11;4.632973
134.292476;0.283375;138.898937;139.182312;12;4.889836
134.346556;0.081129;139.182312;139.263441;13;4.916885
134.530265;0.335903;139.263441;139.599344;13;5.069080
134.713693;0.171388;139.599344;139.770732;13;5.057040
134.724677;0.111717;139.770732;139.882449;14;5.157773
135.396633;0.123057;139.882449;140.005507;14;4.608874
135.606625;0.386030;140.005507;140.391537;15;4.784912
136.595017;0.207662;140.391537;140.599199;12;4.004182
136.619877;0.138424;140.599199;140.737622;13;4.117746
136.881932;0.337495;140.737622;141.075117;13;4.193185
137.182081;0.028060;141.075117;141.103177;14;3.921096
137.991230;0.041803;141.103177;141.144980;14;3.153750
138.709006;0.080551;141.144980;141.225531;14;2.516526
139.711258;0.459764;141.225531;141.685295;11;1.974037
140.294081;0.252877;141.685295;141.938172;9;1.644091
140.439433;0.099723;141.938172;142.037895;9;1.598463
140.727199;0.164560;142.037895;142.202455;9;1.475256
140.776928;0.058565;142.202455;142.261020;9;1.484092
140.819495;0.163144;142.261020;142.424164;10;1.604669
140.963742;0.226511;142.424164;142.650675;11;1.686933
141.027970;0.021640;142.650675;142.672315;12;1.644346
141.129418;0.584177;142.672315;143.256493;11;2.127075
141.175685;0.230604;143.256493;143.487096;11;2.311411
142.182139;0.374140;143.487096;143.861236;8;1.679097
142.263869;0.358793;143.861236;144.220029;7;1.956161
142.374174;1.225504;144.220029;145.445533;8;3.071359
142.381079;0.585119;145.445533;146.030652;9;3.649573
143.079770;0.151654;146.030652;146.182306;7;3.102536
143.180930;0.419684;146.182306;146.601991;8;3.421060
143.347374;0.428566;146.601991;147.030556;8;3.683182
143.347779;0.699605;147.030556;147.730161;9;4.382382
143.361019;0.127911;147.730161;147.858072;10;4.497053
143.510778;0.018999;147.858072;147.877071;10;4.366294
144.124608;0.280642;147.877071;148.157713;10;4.033105
144.722462;0.353346;148.157713;148.511059;10;3.788597
144.756084;0.099926;148.511059;148.610985;11;3.854900
144.853133;0.361633;148.610985;148.972618;12;4.119485
144.908717;0.144778;148.972618;149.117396;13;4.208679
145.045167;0.127109;149.117396;149.244505;14;4.199338
145.202301;0.024416;149.244505;149.268921;15;4.066620
145.229046;0.139547;149.268921;149.408468;16;4.179422
145.275991;0.957633;149.408468;150.366101;17;5.090110
145.471768;0.314960;150.366101;150.681061;17;5.209293
145.611934;0.384615;150.681061;151.065675;18;5.453741
146.249755;0.398032;151.065675;151.463707;17;5.213953
146.316585;0.138062;151.463707;151.601769;18;5.285185
146.356853;0.055707;151.601769;151.657476;19;5.300624
146.446590;0.131812;151.657476;151.789288;20;5.342698
146.734512;0.263068;151.789288;152.052357;20;5.317845
146.807600;0.045327;152.052357;152.097684;21;5.290083
147.893881;0.194888;152.097684;152.292572;18;4.398690
148.183028;0.229803;152.292572;152.522375;18;4.339347
148.591079;0.090365;152.522375;152.612740;18;4.021661
148.799155;0.042228;152.612740;152.654968;18;3.855813
149.494286;0.262088;152.654968;152.917056;14;3.422770
149.515759;0.161257;152.917056;153.078313;15;3.562554
149.517877;0.163267;153.078313;153.241580;16;3.723704
149.554662;0.068916;153.241580;153.310496;17;3.755834
149.725789;0.382370;153.310496;153.692866;18;3.967078
149.914662;0.947299;153.692866;154.640165;19;4.725503
151.385946;0.636860;154.640165;155.277025;17;3.891080
151.531738;0.168553;155.277025;155.445579;17;3.913841
151.709567;0.133100;155.445579;155.578679;16;3.869112
152.207093;0.029493;155.578679;155.608172;14;3.401079
152.882408;0.021520;155.608172;155.629692;11;2.747284
152.961428;1.057678;155.629692;156.687370;11;3.725941
152.989352;0.089616;156.687370;156.776986;12;3.787633
153.158288;0.046290;156.776986;156.823276;12;3.664988
153.187486;0.381884;156.823276;157.205160;13;4.017674
153.338849;0.079780;157.205160;157.284940;12;3.946092
153.492806;0.049030;157.284940;157.333971;13;3.841165
153.672059;0.187915;157.333971;157.521885;14;3.849826
154.614221;0.288364;157.521885;157.810249;14;3.196028
154.702021;0.232689;157.810249;158.042939;14;3.340918
154.961789;0.056135;158.042939;158.099073;15;3.137284
155.126002;0.356835;158.099073;158.455909;16;3.329907
155.513931;0.506739;158.455909;158.962647;15;3.448716
155.671233;0.071488;158.962647;159.034135;13;3.362902
155.742714;0.059972;159.034135;159.094108;14;3.351394
155.822201;0.280030;159.094108;159.374138;15;3.551937
156.087964;0.327020;159.374138;159.701158;16;3.613194
156.118025;0.181829;159.701158;159.882987;17;3.764962
156.386122;0.211347;159.882987;160.094334;18;3.708212
156.424436;0.195631;160.094334;160.289966;19;3.865530
156.628645;0.373891;160.289966;160.663857;20;4.035213
156.648644;0.385058;160.663857;161.048915;21;4.400271
156.676930;0.015285;161.048915;161.064200;22;4.387270
156.820616;0.018495;161.064200;161.082695;21;4.262079
156.838155;0.364035;161.082695;161.446729;21;4.608574
156.934825;0.194890;161.446729;161.641619;22;4.706795
157.084449;0.034854;161.641619;161.676473;23;4.592024
157.150722;0.315982;161.676473;161.992455;24;4.841733
158.366718;0.791550;161.992455;162.784005;18;4.417286
159.243227;0.204752;162.784005;162.988757;15;3.745531
159.410242;0.110261;162.988757;163.099018;15;3.688776
159.707245;0.343431;163.099018;163.442449;15;3.735204
159.720932;1.161181;163.442449;164.603630;16;4.882697
160.097127;0.200478;164.603630;164.804108;15;4.706981
160.179391;0.278288;164.804108;165.082396;16;4.903006
160.184830;0.524647;165.082396;165.607044;17;5.422213
160.659762;0.067258;165.607044;165.674301;17;5.014539
160.756125;0.024984;165.674301;165.699285;17;4.943160
160.884860;0.200326;165.699285;165.899611;18;5.014751
161.050915;0.214771;165.899611;166.114382;18;5.063467
161.706343;0.032058;166.114382;166.146439;14;4.440097
162.120638;0.099945;166.146439;166.246385;14;4.125747
162.239378;0.588688;166.246385;166.835073;15;4.595695
162.354594;1.251058;166.835073;168.086131;16;5.731537
162.598875;0.041971;168.086131;168.128102;17;5.529227
162.628526;0.442862;168.128102;168.570965;18;5.942438
162.986076;0.932948;168.570965;169.503912;18;6.517836
163.125385;0.040257;169.503912;169.544169;17;6.418783
163.366800;0.014356;169.544169;169.558524;18;6.191724
163.458957;0.048445;169.558524;169.606970;18;6.148012
163.549773;0.022768;169.606970;169.629738;19;6.079965
164.372050;0.112806;169.629738;169.742544;20;5.370494
164.630852;0.163591;169.742544;169.906135;20;5.275283
164.638605;0.022602;169.906135;169.928738;21;5.290133
164.839822;0.201679;169.928738;170.130416;21;5.290595
165.105151;0.982631;170.130416;171.113048;21;6.007896
165.440524;0.165588;171.113048;171.278636;22;5.838111
165.791897;0.195814;171.278636;171.474449;20;5.682552
166.302110;0.197934;171.474449;171.672383;17;5.370273
166.856879;0.068999;171.672383;171.741382;17;4.884503
167.145689;0.587792;171.741382;172.329174;18;5.183485
167.233861;0.031863;172.329174;172.361037;19;5.127175
167.405249;0.031134;172.361037;172.392171;20;4.986923
167.648161;0.281023;172.392171;172.673194;21;5.025034
168.152857;0.120268;172.673194;172.793462;20;4.640606
168.745539;0.315610;172.793462;173.109072;20;4.363533
168.970256;1.096162;173.109072;174.205235;21;5.234978
169.153301;0.236387;174.205235;174.441622;22;5.288321
169.456563;0.358920;174.441622;174.800542;23;5.343978
169.681774;0.035902;174.800542;174.836443;19;5.154670
169.850929;0.024615;174.836443;174.861058;19;5.010129
170.167349;0.113749;174.861058;174.974806;17;4.807458
170.199628;0.022432;174.974806;174.997238;18;4.797610
170.482803;0.101257;174.997238;175.098495;19;4.615692
170.623701;0.048858;175.098495;175.147353;20;4.523652
170.731752;0.096861;175.147353;175.244214;21;4.512461
170.776943;0.095188;175.244214;175.339402;22;4.562459
171.582535;0.641941;175.339402;175.981343;20;4.398808
173.266613;0.012742;175.981343;175.994084;13;2.727471
173.611107;0.188074;175.994084;176.182158;14;2.571052
173.982080;0.117856;176.182158;176.300015;15;2.317934
174.138206;0.069922;176.300015;176.369936;16;2.231730
174.214657;0.131217;176.369936;176.501153;16;2.286495
174.318787;0.192604;176.501153;176.693757;17;2.374970
174.347885;0.673414;176.693757;177.367171;18;3.019286
174.437615;0.194403;177.367171;177.561574;19;3.123959
174.488568;0.103619;177.561574;177.665193;19;3.176625
174.519350;0.003371;177.665193;177.668564;20;3.149214
174.683322;0.342120;177.668564;178.010684;21;3.327362
175.347942;0.006053;178.010684;178.016738;13;2.668796
175.458926;0.452459;178.016738;178.469197;14;3.010271
175.921553;0.069424;178.469197;178.538621;15;2.617068
176.414130;0.049585;178.538621;178.588206;11;2.174075
176.972435;0.038130;178.588206;178.626336;10;1.653900
177.121963;0.486995;178.626336;179.113331;11;1.991368
177.204888;0.511849;179.113331;179.625180;12;2.420292
177.337586;0.399569;179.625180;180.024749;13;2.687163
177.340633;0.035539;180.024749;180.060288;14;2.719655
177.743134;0.217310;180.060288;180.277599;11;2.534464
177.785250;0.067338;180.277599;180.344936;12;2.559687
177.804122;0.294458;180.344936;180.639395;13;2.835273
177.808093;0.610760;180.639395;181.250155;14;3.442062
178.105103;0.254865;181.250155;181.505020;13;3.399917
178.530414;0.099468;181.505020;181.604487;13;3.074074
178.622846;0.149162;181.604487;181.753649;12;3.130803
178.894949;0.182339;181.753649;181.935988;12;3.041039
179.131228;0.055705;181.935988;181.991692;12;2.860465
179.239386;0.477314;181.991692;182.469006;13;3.229620
179.422382;0.098210;182.469006;182.567216;14;3.144835
179.662444;0.330699;182.567216;182.897915;14;3.235471
179.797850;0.407779;182.897915;183.305694;15;3.507844
179.831781;1.250634;183.305694;184.556329;16;4.724548
179.917891;0.117996;184.556329;184.674324;17;4.756433
180.137672;0.051046;184.674324;184.725370;16;4.587699
180.150600;0.614651;184.725370;185.340021;17;5.189421
180.633251;0.111576;185.340021;185.451596;16;4.818346
181.021083;0.677919;185.451596;186.129515;16;5.108432
181.265396;0.864275;186.129515;186.993790;16;5.728394
181.446499;0.023930;186.993790;187.017720;17;5.571221
181.725034;0.035551;187.017720;187.053272;16;5.328238
182.386236;0.539594;187.053272;187.592866;14;5.206630
183.254761;0.001710;187.592866;187.594576;12;4.339815
183.347970;0.303199;187.594576;187.897775;12;4.549805
184.106461;0.365859;187.897775;188.263634;13;4.157173
184.523110;0.431217;188.263634;188.694852;14;4.171741
184.612168;0.202212;188.694852;188.897063;14;4.284895
184.731368;0.960563;188.897063;189.857626;13;5.126259
184.806884;0.235992;189.857626;190.093619;14;5.286735
185.356768;0.037686;190.093619;190.131305;14;4.774537
185.358774;0.413189;190.131305;190.544494;15;5.185720
185.593804;0.035732;190.544494;190.580226;15;4.986422
185.646617;0.166584;190.580226;190.746810;16;5.100193
186.192337;0.279142;190.746810;191.025951;16;4.833614
186.578600;0.080349;191.025951;191.106301;17;4.527701
186.843703;0.036974;191.106301;191.143275;18;4.299572
187.175273;0.447536;191.143275;191.590811;16;4.415537
187.229291;0.145075;191.590811;191.735886;17;4.506595
187.517153;0.170604;191.735886;191.906490;18;4.389338
187.637980;0.206500;191.906490;192.112990;17;4.475010
187.753552;0.016925;192.112990;192.129915;18;4.376364
187.997399;0.183475;192.129915;192.313390;18;4.315991
188.305763;0.519974;192.313390;192.833365;18;4.527602
188.653698;0.313173;192.833365;193.146538;19;4.492840
188.685740;0.374973;193.146538;193.521510;20;4.835770
189.227869;0.825376;193.521510;194.346886;19;5.119017
189.254078;0.352450;194.346886;194.699336;20;5.445258
189.277853;0.016012;194.699336;194.715349;21;5.437495
189.487048;1.054523;194.715349;195.769871;22;6.282823
190.261893;0.017998;195.769871;195.787869;20;5.525977
190.426354;0.138946;195.787869;195.926815;21;5.500462
191.531626;0.289911;195.926815;196.216726;16;4.685100
191.551790;0.793494;196.216726;197.010219;17;5.458430
191.803720;0.047790;197.010219;197.058009;16;5.254289
191.916786;0.245794;197.058009;197.303803;16;5.387017
192.363961;0.057111;197.303803;197.360913;14;4.996953
192.489157;0.054413;197.360913;197.415327;15;4.926169
192.537115;0.138965;197.415327;197.554292;16;5.017177
192.851228;0.022189;197.554292;197.576481;16;4.725254
193.553579;0.085576;197.576481;197.662058;15;4.108479
193.612948;0.623016;197.662058;198.285074;16;4.672126
193.840803;0.438198;198.285074;198.723272;17;4.882469
194.231967;0.628751;198.723272;199.352023;18;5.120056
194.614910;0.209514;199.352023;199.561537;18;4.946627
194.763675;0.533027;199.561537;200.094564;17;5.330889
195.006272;0.010325;200.094564;200.104889;18;5.098617
195.459893;0.040966;200.104889;200.145855;19;4.685961
195.579012;0.076348;200.145855;200.222203;20;4.643191
195.794329;0.208851;200.222203;200.431054;19;4.636725
195.995362;0.069130;200.431054;200.500184;19;4.504822
196.649165;0.098236;200.500184;200.598421;19;3.949256
196.692396;0.223915;200.598421;200.822336;20;4.129940
196.949471;0.273769;200.822336;201.096104;21;4.146633
197.104410;0.138254;201.096104;201.234359;20;4.129948
197.557582;0.021173;201.234359;201.255531;17;3.697950
198.117899;0.129493;201.255531;201.385025;16;3.267126
198.267663;0.167380;201.385025;201.552405;17;3.284742
198.297572;0.086784;201.552405;201.639189;17;3.341618
198.571247;0.290119;201.639189;201.929308;18;3.358061
198.626609;0.040461;201.929308;201.969769;19;3.343160
199.130779;0.059928;201.969769;202.029697;19;2.898917
199.456549;0.798480;202.029697;202.828177;19;3.371628
199.810287;0.479325;202.828177;203.307501;19;3.497214
199.822007;0.290094;203.307501;203.597595;20;3.775589
199.873307;0.006456;203.597595;203.604051;21;3.730744
200.081566;0.086685;203.604051;203.690736;22;3.609170
200.236843;0.339307;203.690736;204.030043;19;3.793200
200.366129;0.778362;204.030043;204.808405;20;4.442275
200.418806;0.771021;204.808405;205.579426;21;5.160620
200.604168;0.448641;205.579426;206.028067;19;5.423899
200.701679;0.456192;206.028067;206.484259;20;5.782580
200.982739;0.665667;206.484259;207.149926;20;6.167187
201.317768;0.348896;207.149926;207.498821;18;6.181053
201.557943;0.299370;207.498821;207.798191;17;6.240248
201.692069;0.110054;207.798191;207.908246;17;6.216176
203.086816;0.289730;207.908246;208.197976;14;5.111160
203.278740;0.122339;208.197976;208.320315;15;5.041575
203.297635;0.732180;208.320315;209.052494;16;5.754860
203.764566;0.022704;209.052494;209.075199;13;5.310633
204.067628;0.371752;209.075199;209.446950;13;5.379322
204.116610;0.272602;209.446950;209.719552;14;5.602943
204.143504;0.101120;209.719552;209.820672;15;5.677168
204.453791;0.003005;209.820672;209.823677;16;5.369887
204.558018;0.139790;209.823677;209.963468;17;5.405450
204.755546;0.049235;209.963468;210.012702;18;5.257157
204.763462;0.091217;210.012702;210.103919;19;5.340457
204.847678;0.273380;210.103919;210.377299;19;5.529621
205.041371;0.147242;210.377299;210.524541;20;5.483170
205.116691;0.049323;210.524541;210.573864;21;5.457173
205.257994;0.201709;210.573864;210.775573;22;5.517580
205.572516;0.028315;210.775573;210.803888;23;5.231373
205.983428;0.444516;210.803888;211.248404;23;5.264976
206.001848;0.007209;211.248404;211.255613;24;5.253765
206.063801;0.073088;211.255613;211.328701;24;5.264900
206.095130;0.157499;211.328701;211.486200;25;5.391070
206.883359;0.212439;211.486200;211.698639;25;4.815280
207.425984;0.392118;211.698639;212.090757;25;4.664772
207.531858;0.196613;212.090757;212.287369;25;4.755511
207.839217;0.093568;212.287369;212.380937;25;4.541720
207.927494;0.020664;212.380937;212.401601;25;4.474107
208.096072;0.001302;212.401601;212.402903;26;4.306831
208.400774;0.207841;212.402903;212.610744;25;4.209970
208.517302;0.254034;212.610744;212.864778;26;4.347477
208.523991;0.009907;212.864778;212.874685;27;4.350694
208.529595;0.823433;212.874685;213.698119;28;5.168524
208.597661;0.277792;213.698119;213.975911;29;5.378250
208.602306;0.008157;213.975911;213.984068;30;5.381762
208.744475;0.206243;213.984068;214.190311;31;5.445836
209.166093;0.441350;214.190311;214.631661;30;5.465569
209.721778;0.065295;214.631661;214.696956;29;4.975178
209.723628;0.179366;214.696956;214.876322;30;5.152694
209.883729;0.241250;214.876322;215.117572;29;5.233843
210.014338;0.224953;215.117572;215.342525;28;5.328187
210.047376;0.218153;215.342525;215.560678;29;5.513302
210.073264;0.338516;215.560678;215.899193;30;5.825929
210.103873;0.479227;215.899193;216.378421;31;6.274548
210.180107;0.091422;216.378421;216.469843;31;6.289736
210.192975;0.165506;216.469843;216.635349;32;6.442375
210.356193;0.326000;216.635349;216.961349;33;6.605156
210.565066;0.574554;216.961349;217.535903;32;6.970837
210.595093;0.045052;217.535903;217.580955;32;6.985862
210.598034;0.169540;217.580955;217.750494;33;7.152460
210.955548;0.323764;217.750494;218.074258;32;7.118710
211.682445;0.120367;218.074258;218.194625;29;6.512180
212.047410;0.548720;218.194625;218.743344;29;6.695934
212.190010;0.121823;218.743344;218.865168;29;6.675158
212.235229;0.620450;218.865168;219.485617;30;7.250388
212.358335;0.324019;219.485617;219.809636;30;7.451302
212.756238;0.124532;219.809636;219.934168;27;7.177930
212.829571;0.433520;219.934168;220.367688;28;7.538116
213.072487;0.173091;220.367688;220.540779;27;7.468292
213.416366;0.598406;220.540779;221.139185;28;7.722818
213.651576;0.016778;221.139185;221.155963;29;7.504387
214.301656;0.001594;221.155963;221.157557;26;6.855901
214.304644;0.027790;221.157557;221.185347;27;6.880703
214.329137;0.048436;221.185347;221.233783;28;6.904646
214.384766;0.918144;221.233783;222.151926;29;7.767160
214.424581;0.038913;222.151926;222.190840;30;7.766259
214.595519;0.682145;222.190840;222.872985;31;8.277466
214.636849;0.281723;222.872985;223.154707;31;8.517858
214.670008;0.014381;223.154707;223.169088;32;8.499080
215.150720;0.010628;223.169088;223.179716;30;8.028996
215.352142;0.361590;223.179716;223.541306;30;8.189164
215.528028;0.399168;223.541306;223.940474;31;8.412446
215.596438;0.384689;223.940474;224.325163;31;8.728725
216.042166;0.023720;224.325163;224.348883;31;8.306717
216.116538;0.519612;224.348883;224.868495;32;8.751957
217.323986;0.498902;224.868495;225.367397;29;8.043410
217.375298;0.006013;225.367397;225.373410;30;7.998111
217.514301;0.127002;225.373410;225.500411;31;7.986111
217.565401;0.032943;225.500411;225.533354;31;7.967953
217.613099;0.240850;225.533354;225.774204;31;8.161106
217.959311;0.224647;225.774204;225.998851;31;8.039541
218.044649;0.299739;225.998851;226.298590;32;8.253941
218.187876;0.357559;226.298590;226.656149;32;8.468274
219.085333;0.312426;226.656149;226.968575;30;7.883243
219.700192;0.358943;226.968575;227.327519;30;7.627327
220.352542;0.017821;227.327519;227.345340;29;6.992798
220.451605;0.047184;227.345340;227.392524;29;6.940919
220.777329;0.045433;227.392524;227.437956;29;6.660627
221.080974;0.040276;227.437956;227.478232;30;6.397259
221.963983;0.101668;227.478232;227.579901;26;5.615918
222.161433;0.197333;227.579901;227.777234;26;5.615801
222.659064;0.144671;227.777234;227.921905;26;5.262841
223.073917;0.217492;227.921905;228.139397;26;5.065480
223.301467;0.107905;228.139397;228.247302;24;4.945835
223.806879;0.172440;228.247302;228.419741;24;4.612862
223.845983;0.170614;228.419741;228.590355;25;4.744372
224.014032;0.067349;228.590355;228.657704;25;4.643672
224.124784;0.041978;228.657704;228.699681;26;4.574897
224.765870;0.664624;228.699681;229.364306;25;4.598435
224.815955;0.414679;229.364306;229.778985;26;4.963030
224.888464;0.479170;229.778985;230.258155;26;5.369691
225.436732;0.061860;230.258155;230.320015;25;4.883283
225.441139;0.496055;230.320015;230.816070;26;5.374931
225.522628;0.849471;230.816070;231.665541;26;6.142913
225.733662;0.003985;231.665541;231.669525;26;5.935864
225.903523;0.382071;231.669525;232.051597;26;6.148073
226.116978;0.290306;232.051597;232.341903;26;6.224925
226.142810;0.001282;232.341903;232.343185;27;6.200375
226.163364;0.141510;232.343185;232.484694;28;6.321330
226.321975;0.133711;232.484694;232.618405;28;6.296430
226.480962;0.043700;232.618405;232.662105;29;6.181143
226.843773;0.084291;232.662105;232.746397;29;5.902623
227.065224;0.358569;232.746397;233.104966;29;6.039742
227.145992;0.250100;233.104966;233.355066;30;6.209074
227.236628;0.238367;233.355066;233.593433;31;6.356805
227.250066;0.036466;233.593433;233.629899;32;6.379833
227.538577;0.619075;233.629899;234.248974;28;6.710398
227.592741;0.197066;234.248974;234.446040;28;6.853299
227.765667;0.049251;234.446040;234.495291;29;6.729624
227.808571;0.007188;234.495291;234.502479;29;6.693909
228.156072;0.435126;234.502479;234.937606;28;6.781533
228.173590;0.015059;234.937606;234.952664;29;6.779075
228.207872;0.121219;234.952664;235.073883;30;6.866011
228.296993;0.189677;235.073883;235.263560;30;6.966567
228.747285;0.153162;235.263560;235.416722;27;6.669437
229.378664;0.081628;235.416722;235.498350;27;6.119686
229.496631;0.087649;235.498350;235.585999;28;6.089367
230.026172;0.269635;235.585999;235.855633;28;5.829461
230.044883;0.133522;235.855633;235.989155;29;5.944272
230.607240;0.082622;235.989155;236.071776;28;5.464537
230.940212;0.095028;236.071776;236.166804;28;5.226592
231.059087;0.286603;236.166804;236.453407;29;5.394319
231.101330;0.231552;236.453407;236.684958;30;5.583628
231.583028;0.131988;236.684958;236.816946;31;5.233919
231.657261;0.006707;236.816946;236.823653;32;5.166393
231.778068;0.402916;236.823653;237.226569;31;5.448502
232.155294;0.192841;237.226569;237.419410;31;5.264116
232.243598;0.349234;237.419410;237.768645;32;5.525047
232.425037;0.491966;237.768645;238.260610;31;5.835573
232.486916;0.145635;238.260610;238.406245;31;5.919329
233.591404;0.111017;238.406245;238.517262;27;4.925859
234.074844;0.122689;238.517262;238.639951;26;4.565107
234.207428;0.017927;238.639951;238.657878;27;4.450450
234.429417;0.061242;238.657878;238.719120;27;4.289704
235.366084;0.053037;238.719120;238.772157;21;3.406073
235.606021;0.130148;238.772157;238.902305;19;3.296284
235.734776;0.091552;238.902305;238.993857;20;3.259081
235.856766;0.519169;238.993857;239.513027;20;3.656260
235.873241;0.151482;239.513027;239.664508;21;3.791267
236.329780;0.220762;239.664508;239.885270;19;3.555491
236.475226;0.072461;239.885270;239.957731;19;3.482505
236.637338;0.404334;239.957731;240.362065;20;3.724727
236.758288;0.250147;240.362065;240.612213;20;3.853924
236.832630;0.906193;240.612213;241.518406;19;4.685775
237.036611;0.001626;241.518406;241.520031;20;4.483421
237.315118;0.497072;241.520031;242.017104;20;4.701986
237.369551;0.190359;242.017104;242.207463;21;4.837913
237.432381;0.127095;242.207463;242.334558;21;4.902177
237.933398;0.189466;242.334558;242.524024;21;4.590625
238.077397;0.184265;242.524024;242.708289;22;4.630893
238.392710;0.102179;242.708289;242.810469;22;4.417758
238.456175;0.089905;242.810469;242.900373;22;4.444198
238.719046;0.034179;242.900373;242.934553;20;4.215507
238.727315;0.104494;242.934553;243.039047;20;4.311732
239.411973;0.305481;243.039047;243.344529;18;3.932556
239.429170;0.731527;243.344529;244.076055;19;4.646885
239.491035;0.760118;244.076055;244.836173;20;5.345138
239.811289;0.025851;244.836173;244.862024;19;5.050735
239.823113;0.820690;244.862024;245.682713;20;5.859601
240.783324;0.108562;245.682713;245.791275;17;5.007951
240.852801;0.322843;245.791275;246.114119;18;5.261317
241.076607;0.387706;246.114119;246.501825;19;5.425218
241.645343;0.306204;246.501825;246.808029;18;5.162686
241.748673;0.933629;246.808029;247.741659;19;5.992985
241.945935;0.058603;247.741659;247.800262;20;5.854326
241.976617;0.579474;247.800262;248.379736;21;6.403118
242.032220;0.145439;248.379736;248.525175;21;6.492954
242.158715;0.093907;248.525175;248.619081;22;6.460366
242.355496;0.262397;248.619081;248.881479;21;6.525983
242.408332;0.102067;248.881479;248.983546;22;6.575214
242.463087;0.233329;248.983546;249.216875;23;6.753788
242.616424;0.068841;249.216875;249.285716;23;6.669292
243.242844;0.062998;249.285716;249.348714;19;6.105869
243.525797;0.092793;249.348714;249.441507;19;5.915709
243.534574;1.171706;249.441507;250.613212;20;7.078638
243.656603;0.004714;250.613212;250.617926;21;6.961323
243.859133;0.216311;250.617926;250.834237;22;6.975103
244.179126;0.248340;250.834237;251.082576;22;6.903450
244.235858;0.403300;251.082576;251.485876;23;7.250018
244.249046;0.141297;251.485876;251.627172;24;7.378127
244.370280;0.528675;251.627172;252.155847;25;7.785568
244.413951;0.190717;252.155847;252.346565;26;7.932613
244.457284;0.289116;252.346565;252.635681;27;8.178397
244.601981;0.227273;252.635681;252.862954;28;8.260973
244.705784;0.052254;252.862954;252.915207;29;8.209424
244.767967;0.090470;252.915207;253.005677;30;8.237710
244.970436;0.326171;253.005677;253.331849;29;8.361412
245.182478;0.157727;253.331849;253.489575;30;8.307097
245.337264;0.447376;253.489575;253.936951;31;8.599687
245.489492;0.257193;253.936951;254.194144;32;8.704652
245.625067;0.558147;254.194144;254.752291;33;9.127224
245.675458;0.009690;254.752291;254.761981;34;9.086523
246.543767;0.072157;254.761981;254.834139;31;8.290372
246.690358;0.289030;254.834139;255.123168;32;8.432810
246.728093;0.202699;255.123168;255.325868;33;8.597775
246.789561;0.299989;255.325868;255.625857;34;8.836296
246.810285;0.007053;255.625857;255.632910;34;8.822625
246.860892;0.089312;255.632910;255.722222;35;8.861330
246.925300;0.285607;255.722222;256.007829;36;9.082530
247.225841;0.029230;256.007829;256.037060;37;8.811219
247.341354;0.049687;256.037060;256.086747;38;8.745393
247.480804;0.030943;256.086747;256.117690;39;8.636886
247.646190;0.362340;256.117690;256.480030;40;8.833840
247.736992;0.101286;256.480030;256.581316;41;8.844325
247.964111;0.103716;256.581316;256.685033;40;8.720921
248.040781;0.148094;256.685033;256.833126;41;8.792345
248.250108;0.007980;256.833126;256.841106;42;8.590998
248.300048;0.421874;256.841106;257.262980;43;8.962932
248.328685;0.092496;257.262980;257.355476;44;9.026791
248.396699;1.717760;257.355476;259.073236;44;10.676538
248.745888;0.123526;259.073236;259.196762;43;10.450875
248.748736;0.040401;259.196762;259.237163;44;10.488427
248.832935;0.167984;259.237163;259.405147;45;10.572212
248.859393;0.652720;259.405147;260.057867;46;11.198474
248.924782;0.148607;260.057867;260.206474;46;11.281692
248.977732;0.091248;260.206474;260.297722;47;11.319990
249.466324;0.619404;260.297722;260.917126;43;11.450802
250.065812;0.145720;260.917126;261.062846;44;10.997034
250.159950;0.101714;261.062846;261.164559;45;11.004610
250.208388;0.088109;261.164559;261.252668;46;11.044280
250.344243;0.035416;261.252668;261.288084;47;10.943841
250.647368;0.412447;261.288084;261.700530;46;11.053162
250.891878;0.090349;261.700530;261.790880;46;10.899002
251.114599;0.816939;261.790880;262.607819;46;11.493220
251.134776;0.386058;262.607819;262.993877;47;11.859101
251.220121;0.034262;262.993877;263.028139;48;11.808018
251.424249;0.003673;263.028139;263.031812;49;11.607563
251.623818;0.346379;263.031812;263.378191;49;11.754372
252.089122;0.370669;263.378191;263.748859;49;11.659737
252.613432;0.558246;263.748859;264.307105;48;11.693674
252.675537;0.002290;264.307105;264.309396;48;11.633859
253.285873;0.011785;264.309396;264.321181;46;11.035308
253.324198;0.450319;264.321181;264.771499;47;11.447302
253.407739;0.374111;264.771499;265.145610;47;11.737872
253.547631;0.079918;265.145610;265.225528;47;11.677897
253.833763;0.313249;265.225528;265.538777;48;11.705015
254.123243;0.607459;265.538777;266.146236;48;12.022994
254.223174;0.268082;266.146236;266.414318;48;12.191144
254.379658;0.483443;266.414318;266.897762;49;12.518104
254.719330;0.035216;266.897762;266.932978;50;12.213648
255.521195;0.015872;266.932978;266.948850;46;11.427655
255.839509;0.093381;266.948850;267.042231;44;11.202721
256.328967;0.084973;267.042231;267.127203;41;10.798236
256.437269;0.014990;267.127203;267.142193;42;10.704924
256.640836;0.211599;267.142193;267.353793;41;10.712957
256.724582;0.246357;267.353793;267.600150;41;10.875568
257.054838;0.027194;267.600150;267.627344;40;10.572506
257.170329;0.065726;267.627344;267.693070;41;10.522741
257.595257;0.518936;267.693070;268.212006;40;10.616749
258.013926;0.246269;268.212006;268.458274;41;10.444348
258.031406;0.677682;268.458274;269.135957;42;11.104551
258.093623;0.206639;269.135957;269.342596;43;11.248973
258.231515;0.027834;269.342596;269.370430;44;11.138915
259.280758;0.628617;269.370430;269.999047;42;10.718289
259.534140;0.279684;269.999047;270.278730;42;10.744590
259.916832;0.094389;270.278730;270.373119;43;10.456287
260.901361;0.201565;270.373119;270.574684;41;9.673323
261.763454;0.194860;270.574684;270.769544;36;9.006090
261.895158;0.428374;270.769544;271.197918;36;9.302760
